<?xml version="1.0" encoding="UTF-8"?>
<project-private xmlns="http://www.netbeans.org/ns/project-private/1">
    <editor-bookmarks xmlns="http://www.netbeans.org/ns/editor-bookmarks/2" lastBookmarkId="0"/>
    <open-files xmlns="http://www.netbeans.org/ns/projectui-open-files/2">
        <group>
            <file>file:/C:/Users/tamph/Documents/GitHub/PRJ301/ws1_prj_se182673_OngQuocDat/web/login.jsp</file>
            <file>file:/C:/Users/tamph/Documents/GitHub/PRJ301/ws1_prj_se182673_OngQuocDat/web/update.jsp</file>
            <file>file:/C:/Users/tamph/Documents/GitHub/PRJ301/ws1_prj_se182673_OngQuocDat/web/welcome.jsp</file>
            <file>file:/C:/Users/tamph/Documents/GitHub/PRJ301/ws1_prj_se182673_OngQuocDat/web/projectForm.jsp</file>
        </group>
    </open-files>
</project-private>
